morph_id,morph,position,in_cells,in_forms,language_id
komlitanM01,a,free,3.sg; 3.pl,komlitan006; komlitan007,komlitan
komlitanM02,a,pre,3.sg.fut.aff; 3.sg.fut.aff; 3.pl.fut.aff; 3.pl.fut.aff; 3.sg.1.sg.fut.aff; 3.sg.1.sg.fut.aff; 3.sg.1.pl.excl.fut.aff; 3.sg.1.pl.excl.fut.aff; 3.sg.1.pl.incl.fut.aff; 3.sg.1.pl.incl.fut.aff; 3.pl.1.sg.fut.aff; 3.pl.1.sg.fut.aff; 3.pl.1.pl.excl.fut.aff; 3.pl.1.pl.excl.fut.aff; 3.pl.1.pl.incl.fut.aff; 3.pl.1.pl.incl.fut.aff; 3.sg.2.sg.fut.aff; 3.sg.2.sg.fut.aff; 3.sg.2.pl.fut.aff; 3.sg.2.pl.fut.aff; 3.pl.2.sg.fut.aff; 3.pl.2.sg.fut.aff; 3.pl.2.pl.fut.aff; 3.pl.2.pl.fut.aff; 3.sg.3.sg.fut.aff; 3.sg.3.sg.fut.aff; 3.sg.3.pl.fut.aff; 3.sg.3.pl.fut.aff; 3.pl.3.sg.fut.aff; 3.pl.3.sg.fut.aff; 3.pl.3.pl.fut.aff; 3.pl.3.pl.fut.aff; 3.sg.nfut.aff; 3.pl.nfut.aff; 3.sg.1.sg.nfut.aff; 3.sg.1.pl.excl.nfut.aff; 3.sg.1.pl.incl.nfut.aff; 3.pl.1.sg.nfut.aff; 3.pl.1.pl.excl.nfut.aff; 3.pl.1.pl.incl.nfut.aff; 3.sg.2.sg.nfut.aff; 3.sg.2.pl.nfut.aff; 3.pl.2.sg.nfut.aff; 3.pl.2.pl.nfut.aff; 3.sg.3.sg.nfut.aff; 3.sg.3.pl.nfut.aff; 3.pl.3.sg.nfut.aff; 3.pl.3.pl.nfut.aff,komlitan054; komlitan055; komlitan056; komlitan057; komlitan058; komlitan059; komlitan060; komlitan061; komlitan062; komlitan063; komlitan064; komlitan065; komlitan066; komlitan067; komlitan068; komlitan069; komlitan070; komlitan071; komlitan072; komlitan073; komlitan074; komlitan075; komlitan076; komlitan077; komlitan078; komlitan079; komlitan080; komlitan081; komlitan082; komlitan083; komlitan084; komlitan085; komlitan152; komlitan153; komlitan154; komlitan155; komlitan156; komlitan157; komlitan158; komlitan159; komlitan160; komlitan161; komlitan162; komlitan163; komlitan164; komlitan165; komlitan166; komlitan167,komlitan
komlitanM03,e ŋ,post,1.sg.nfut.neg; 1.sg.2.sg.nfut.neg; 1.sg.2.pl.nfut.neg; 1.sg.2.pl.nfut.neg; 1.sg.3.sg.nfut.neg; 1.sg.3.pl.nfut.neg,komlitan168; komlitan171; komlitan172; komlitan173; komlitan176; komlitan177,komlitan
komlitanM04,ei,free,1.pl.incl,komlitan003,komlitan
komlitanM05,k e,post,1.sg.fut.aff; 1.pl.excl.fut.aff; 1.pl.incl.fut.aff; 1.sg.2.sg.fut.aff; 1.sg.2.pl.fut.aff; 1.pl.excl.2.sg.fut.aff; 1.pl.excl.2.pl.fut.aff; 1.sg.3.sg.fut.aff; 1.sg.3.pl.fut.aff; 1.pl.excl.3.sg.fut.aff; 1.pl.incl.3.sg.fut.aff; 1.pl.excl.3.pl.fut.aff; 1.pl.incl.3.pl.fut.aff; 2.sg.fut.aff; 2.pl.fut.aff; 2.sg.1.sg.fut.aff; 2.sg.1.pl.excl.fut.aff; 2.pl.1.sg.fut.aff; 2.pl.1.pl.excl.fut.aff; 2.sg.3.sg.fut.aff; 2.sg.3.pl.fut.aff; 2.pl.3.sg.fut.aff; 2.pl.3.pl.fut.aff; 3.sg.fut.aff; 3.pl.fut.aff; 3.sg.1.sg.fut.aff; 3.sg.1.pl.excl.fut.aff; 3.sg.1.pl.incl.fut.aff; 3.pl.1.sg.fut.aff; 3.pl.1.pl.excl.fut.aff; 3.pl.1.pl.incl.fut.aff; 3.sg.2.sg.fut.aff; 3.sg.2.pl.fut.aff; 3.pl.2.sg.fut.aff; 3.pl.2.pl.fut.aff; 3.sg.3.sg.fut.aff; 3.sg.3.pl.fut.aff; 3.pl.3.sg.fut.aff; 3.pl.3.pl.fut.aff,komlitan009; komlitan011; komlitan013; komlitan015; komlitan017; komlitan019; komlitan021; komlitan023; komlitan025; komlitan027; komlitan029; komlitan031; komlitan033; komlitan035; komlitan037; komlitan039; komlitan041; komlitan043; komlitan045; komlitan047; komlitan049; komlitan051; komlitan053; komlitan055; komlitan057; komlitan059; komlitan061; komlitan063; komlitan065; komlitan067; komlitan069; komlitan071; komlitan073; komlitan075; komlitan077; komlitan079; komlitan081; komlitan083; komlitan085,komlitan
komlitanM06,k ei,free,1.sg; 1.pl.excl,komlitan001; komlitan002,komlitan
komlitanM07,k i,pre,1.sg.fut.aff; 1.sg.fut.aff; 1.pl.excl.fut.aff; 1.pl.excl.fut.aff; 1.sg.2.sg.fut.aff; 1.sg.2.sg.fut.aff; 1.sg.2.pl.fut.aff; 1.sg.2.pl.fut.aff; 1.pl.excl.2.sg.fut.aff; 1.pl.excl.2.sg.fut.aff; 1.pl.excl.2.pl.fut.aff; 1.pl.excl.2.pl.fut.aff; 1.sg.3.sg.fut.aff; 1.sg.3.sg.fut.aff; 1.sg.3.pl.fut.aff; 1.sg.3.pl.fut.aff; 1.pl.excl.3.sg.fut.aff; 1.pl.excl.3.sg.fut.aff; 1.pl.excl.3.pl.fut.aff; 1.pl.excl.3.pl.fut.aff; 1.sg.nfut.aff; 1.pl.excl.nfut.aff; 1.sg.2.sg.nfut.aff; 1.sg.2.pl.nfut.aff; 1.pl.excl.2.sg.nfut.aff; 1.pl.excl.2.pl.nfut.aff; 1.sg.3.sg.nfut.aff; 1.sg.3.pl.nfut.aff; 1.pl.excl.3.sg.nfut.aff; 1.pl.excl.3.pl.nfut.aff,komlitan008; komlitan009; komlitan010; komlitan011; komlitan014; komlitan015; komlitan016; komlitan017; komlitan018; komlitan019; komlitan020; komlitan021; komlitan022; komlitan023; komlitan024; komlitan025; komlitan026; komlitan027; komlitan030; komlitan031; komlitan129; komlitan130; komlitan132; komlitan133; komlitan134; komlitan135; komlitan136; komlitan137; komlitan138; komlitan140,komlitan
komlitanM08,m a,free,3.sg; 3.pl,komlitan006; komlitan007,komlitan
komlitanM09,m a,post,1.sg.2.pl.nfut.neg; 3.pl.nfut.neg,komlitan173; komlitan194,komlitan
komlitanM10,m a k,post,1.sg.nfut.neg; 1.pl.excl.nfut.neg; 1.pl.incl.nfut.neg; 1.sg.2.sg.nfut.neg; 1.sg.2.pl.nfut.neg; 1.pl.excl.2.sg.nfut.neg; 1.pl.excl.2.pl.nfut.neg; 1.sg.3.sg.nfut.neg; 1.sg.3.pl.nfut.neg; 1.pl.excl.3.sg.nfut.neg; 1.pl.incl.3.sg.nfut.neg; 1.pl.excl.3.pl.nfut.neg; 1.pl.incl.3.pl.nfut.neg; 2.sg.nfut.neg; 2.pl.nfut.neg; 2.sg.1.sg.nfut.neg; 2.sg.1.pl.excl.nfut.neg; 2.pl.1.sg.nfut.neg; 2.pl.1.pl.excl.nfut.neg; 2.sg.3.sg.nfut.neg; 2.sg.3.pl.nfut.neg; 2.pl.3.sg.nfut.neg; 2.pl.3.pl.nfut.neg; 3.sg.nfut.neg; 3.pl.nfut.neg; 3.sg.1.sg.nfut.neg; 3.sg.1.pl.excl.nfut.neg; 3.sg.1.pl.incl.nfut.neg; 3.pl.1.sg.nfut.neg; 3.pl.1.pl.excl.nfut.neg; 3.pl.1.pl.incl.nfut.neg; 3.sg.2.sg.nfut.neg; 3.sg.2.pl.nfut.neg; 3.pl.2.sg.nfut.neg; 3.pl.2.pl.nfut.neg; 3.sg.3.sg.nfut.neg; 3.sg.3.pl.nfut.neg; 3.pl.3.sg.nfut.neg; 3.pl.3.pl.nfut.neg,komlitan168; komlitan169; komlitan170; komlitan171; komlitan172; komlitan174; komlitan175; komlitan176; komlitan177; komlitan178; komlitan179; komlitan180; komlitan181; komlitan182; komlitan183; komlitan184; komlitan185; komlitan186; komlitan187; komlitan188; komlitan189; komlitan190; komlitan191; komlitan192; komlitan193; komlitan195; komlitan196; komlitan197; komlitan198; komlitan199; komlitan200; komlitan201; komlitan202; komlitan203; komlitan204; komlitan205; komlitan206; komlitan207; komlitan208,komlitan
komlitanM11,n,free,3.pl,komlitan007,komlitan
komlitanM12,n,pre,1.pl.excl.fut.aff; 1.pl.excl.fut.aff; 1.pl.incl.fut.aff; 1.pl.incl.fut.aff; 1.pl.excl.2.sg.fut.aff; 1.pl.excl.2.sg.fut.aff; 1.pl.excl.2.pl.fut.aff; 1.pl.excl.2.pl.fut.aff; 1.pl.excl.3.sg.fut.aff; 1.pl.excl.3.sg.fut.aff; 1.pl.incl.3.sg.fut.aff; 1.pl.incl.3.sg.fut.aff; 1.pl.excl.3.pl.fut.aff; 1.pl.excl.3.pl.fut.aff; 1.pl.incl.3.pl.fut.aff; 1.pl.incl.3.pl.fut.aff; 2.pl.fut.aff; 2.pl.fut.aff; 2.pl.1.sg.fut.aff; 2.pl.1.sg.fut.aff; 2.pl.1.pl.excl.fut.aff; 2.pl.1.pl.excl.fut.aff; 2.pl.3.sg.fut.aff; 2.pl.3.sg.fut.aff; 2.pl.3.pl.fut.aff; 2.pl.3.pl.fut.aff; 3.pl.fut.aff; 3.pl.fut.aff; 3.pl.1.sg.fut.aff; 3.pl.1.sg.fut.aff; 3.pl.1.pl.excl.fut.aff; 3.pl.1.pl.excl.fut.aff; 3.pl.1.pl.incl.fut.aff; 3.pl.1.pl.incl.fut.aff; 3.pl.2.sg.fut.aff; 3.pl.2.sg.fut.aff; 3.pl.2.pl.fut.aff; 3.pl.2.pl.fut.aff; 3.pl.3.sg.fut.aff; 3.pl.3.sg.fut.aff; 3.pl.3.pl.fut.aff; 3.pl.3.pl.fut.aff; 1.pl.excl.nfut.aff; 1.pl.incl.nfut.aff; 1.pl.excl.2.sg.nfut.aff; 1.pl.excl.2.pl.nfut.aff; 1.pl.excl.3.sg.nfut.aff; 1.pl.incl.3.sg.nfut.aff; 1.pl.excl.3.pl.nfut.aff; 1.pl.incl.3.pl.nfut.aff; 2.pl.nfut.aff; 2.pl.1.sg.nfut.aff; 2.pl.1.pl.excl.nfut.aff; 2.pl.3.sg.nfut.aff; 2.pl.3.pl.nfut.aff; 3.pl.nfut.aff; 3.pl.1.sg.nfut.aff; 3.pl.1.pl.excl.nfut.aff; 3.pl.1.pl.incl.nfut.aff; 3.pl.2.sg.nfut.aff; 3.pl.2.pl.nfut.aff; 3.pl.3.sg.nfut.aff; 3.pl.3.pl.nfut.aff,komlitan010; komlitan011; komlitan012; komlitan013; komlitan018; komlitan019; komlitan020; komlitan021; komlitan026; komlitan027; komlitan028; komlitan029; komlitan030; komlitan031; komlitan032; komlitan033; komlitan036; komlitan037; komlitan042; komlitan043; komlitan044; komlitan045; komlitan050; komlitan051; komlitan052; komlitan053; komlitan056; komlitan057; komlitan064; komlitan065; komlitan066; komlitan067; komlitan068; komlitan069; komlitan074; komlitan075; komlitan076; komlitan077; komlitan082; komlitan083; komlitan084; komlitan085; komlitan130; komlitan131; komlitan134; komlitan135; komlitan138; komlitan139; komlitan140; komlitan141; komlitan143; komlitan146; komlitan147; komlitan150; komlitan151; komlitan153; komlitan157; komlitan158; komlitan159; komlitan162; komlitan163; komlitan166; komlitan167,komlitan
komlitanM13,n a,post,3.pl.3.sg.fut.neg,komlitan127,komlitan
komlitanM14,n a,pre,1.pl.excl.2.sg.fut.aff; 1.pl.excl.2.sg.fut.aff,komlitan018; komlitan019,komlitan
komlitanM15,n a ŋ,free,2.sg; 2.pl,komlitan004; komlitan005,komlitan
komlitanM16,n i,free,1.pl.excl; 1.pl.incl; 2.pl; 3.pl,komlitan002; komlitan003; komlitan005; komlitan007,komlitan
komlitanM17,n i,post,1.sg.fut.neg; 1.pl.excl.fut.neg; 1.pl.incl.fut.neg; 1.sg.2.sg.fut.neg; 1.sg.2.pl.fut.neg; 1.sg.3.pl.fut.neg; 1.sg.3.sg.fut.neg; 1.pl.excl.3.sg.fut.neg; 1.pl.incl.3.sg.fut.neg; 1.pl.excl.3.pl.fut.neg; 1.pl.incl.3.pl.fut.neg; 2.sg.fut.neg; 2.sg.fut.neg; 2.pl.fut.neg; 2.sg.1.sg.fut.neg; 2.sg.1.pl.excl.fut.neg; 2.pl.1.sg.fut.neg; 2.sg.3.sg.fut.neg; 2.sg.3.pl.fut.neg; 2.pl.3.sg.fut.neg; 2.pl.3.pl.fut.neg; 3.sg.fut.neg; 3.pl.fut.neg; 3.sg.1.sg.fut.neg; 3.sg.1.pl.excl.fut.neg; 3.sg.1.pl.incl.fut.neg; 3.pl.1.sg.fut.neg; 3.pl.1.pl.excl.fut.neg; 3.pl.1.pl.incl.fut.neg; 3.sg.2.sg.fut.neg; 3.sg.2.pl.fut.neg; 3.pl.2.sg.fut.neg; 3.pl.2.pl.fut.neg; 3.sg.3.sg.fut.neg; 3.sg.3.pl.fut.neg; 3.pl.3.sg.fut.neg; 3.pl.3.pl.fut.neg,komlitan086; komlitan087; komlitan088; komlitan089; komlitan090; komlitan091; komlitan094; komlitan095; komlitan097; komlitan098; komlitan099; komlitan100; komlitan101; komlitan102; komlitan103; komlitan104; komlitan105; komlitan108; komlitan109; komlitan110; komlitan111; komlitan112; komlitan113; komlitan114; komlitan115; komlitan116; komlitan117; komlitan118; komlitan119; komlitan120; komlitan121; komlitan122; komlitan123; komlitan124; komlitan125; komlitan126; komlitan128,komlitan
komlitanM18,n i,pre,1.pl.incl.fut.aff; 1.pl.incl.fut.aff; 1.sg.2.sg.fut.aff; 1.sg.2.sg.fut.aff; 1.sg.2.pl.fut.aff; 1.sg.2.pl.fut.aff; 1.pl.excl.2.pl.fut.aff; 1.pl.excl.2.pl.fut.aff; 1.pl.incl.3.sg.fut.aff; 1.pl.incl.3.sg.fut.aff; 1.pl.incl.3.pl.fut.aff; 1.pl.incl.3.pl.fut.aff; 2.sg.fut.aff; 2.sg.fut.aff; 2.pl.fut.aff; 2.pl.fut.aff; 2.sg.1.sg.fut.aff; 2.sg.1.sg.fut.aff; 2.sg.1.pl.excl.fut.aff; 2.sg.1.pl.excl.fut.aff; 2.pl.1.sg.fut.aff; 2.pl.1.sg.fut.aff; 2.pl.1.pl.excl.fut.aff; 2.pl.1.pl.excl.fut.aff; 2.sg.3.sg.fut.aff; 2.sg.3.sg.fut.aff; 2.sg.3.pl.fut.aff; 2.sg.3.pl.fut.aff; 2.pl.3.sg.fut.aff; 2.pl.3.sg.fut.aff; 2.pl.3.pl.fut.aff; 2.pl.3.pl.fut.aff; 3.sg.1.sg.fut.aff; 3.sg.1.sg.fut.aff; 3.sg.1.pl.excl.fut.aff; 3.sg.1.pl.excl.fut.aff; 3.sg.1.pl.incl.fut.aff; 3.sg.1.pl.incl.fut.aff; 3.pl.1.sg.fut.aff; 3.pl.1.sg.fut.aff; 3.pl.1.pl.excl.fut.aff; 3.pl.1.pl.excl.fut.aff; 3.pl.1.pl.incl.fut.aff; 3.pl.1.pl.incl.fut.aff; 3.sg.2.sg.fut.aff; 3.sg.2.sg.fut.aff; 3.sg.2.pl.fut.aff; 3.sg.2.pl.fut.aff; 3.pl.2.sg.fut.aff; 3.pl.2.sg.fut.aff; 3.pl.2.pl.fut.aff; 3.pl.2.pl.fut.aff; 1.sg.2.sg.fut.neg; 1.sg.2.pl.fut.neg; 1.pl.excl.2.sg.fut.neg; 1.pl.excl.2.pl.fut.neg; 2.sg.1.sg.fut.neg; 2.sg.1.pl.excl.fut.neg; 2.pl.1.sg.fut.neg; 2.pl.1.sg.fut.neg; 2.pl.1.pl.excl.fut.neg; 3.sg.1.sg.fut.neg; 3.sg.1.pl.excl.fut.neg; 3.sg.1.pl.incl.fut.neg; 3.pl.1.sg.fut.neg; 3.pl.1.pl.excl.fut.neg; 3.pl.1.pl.incl.fut.neg; 3.sg.2.sg.fut.neg; 3.sg.2.pl.fut.neg; 3.pl.2.sg.fut.neg; 3.pl.2.pl.fut.neg; 1.pl.incl.nfut.aff; 1.sg.2.sg.nfut.aff; 1.sg.2.pl.nfut.aff; 1.pl.excl.2.sg.nfut.aff; 1.pl.excl.2.pl.nfut.aff; 1.pl.incl.3.sg.nfut.aff; 1.pl.incl.3.pl.nfut.aff; 2.sg.nfut.aff; 2.pl.nfut.aff; 2.sg.1.sg.nfut.aff; 2.sg.1.pl.excl.nfut.aff; 2.pl.1.sg.nfut.aff; 2.pl.1.pl.excl.nfut.aff; 2.sg.3.sg.nfut.aff; 2.sg.3.pl.nfut.aff; 2.pl.3.sg.nfut.aff; 2.pl.3.pl.nfut.aff; 3.sg.1.sg.nfut.aff; 3.sg.1.pl.excl.nfut.aff; 3.sg.1.pl.incl.nfut.aff; 3.pl.1.sg.nfut.aff; 3.pl.1.pl.excl.nfut.aff; 3.pl.1.pl.incl.nfut.aff; 3.sg.2.sg.nfut.aff; 3.sg.2.pl.nfut.aff; 3.pl.2.sg.nfut.aff; 3.pl.2.pl.nfut.aff; 1.sg.2.sg.nfut.neg; 1.sg.2.pl.nfut.neg; 1.sg.2.pl.nfut.neg; 1.pl.excl.2.sg.nfut.neg; 1.pl.excl.2.pl.nfut.neg; 2.sg.1.sg.nfut.neg; 2.sg.1.pl.excl.nfut.neg; 2.pl.1.sg.nfut.neg; 2.pl.1.pl.excl.nfut.neg; 3.sg.1.sg.nfut.neg; 3.sg.1.pl.excl.nfut.neg; 3.sg.1.pl.incl.nfut.neg; 3.pl.1.sg.nfut.neg; 3.pl.1.pl.excl.nfut.neg; 3.pl.1.pl.incl.nfut.neg; 3.sg.2.sg.nfut.neg; 3.sg.2.pl.nfut.neg; 3.pl.2.sg.nfut.neg; 3.pl.2.pl.nfut.neg,komlitan012; komlitan013; komlitan014; komlitan015; komlitan016; komlitan017; komlitan020; komlitan021; komlitan028; komlitan029; komlitan032; komlitan033; komlitan034; komlitan035; komlitan036; komlitan037; komlitan038; komlitan039; komlitan040; komlitan041; komlitan042; komlitan043; komlitan044; komlitan045; komlitan046; komlitan047; komlitan048; komlitan049; komlitan050; komlitan051; komlitan052; komlitan053; komlitan058; komlitan059; komlitan060; komlitan061; komlitan062; komlitan063; komlitan064; komlitan065; komlitan066; komlitan067; komlitan068; komlitan069; komlitan070; komlitan071; komlitan072; komlitan073; komlitan074; komlitan075; komlitan076; komlitan077; komlitan089; komlitan090; komlitan092; komlitan093; komlitan103; komlitan104; komlitan105; komlitan106; komlitan107; komlitan114; komlitan115; komlitan116; komlitan117; komlitan118; komlitan119; komlitan120; komlitan121; komlitan122; komlitan123; komlitan131; komlitan132; komlitan133; komlitan134; komlitan135; komlitan139; komlitan141; komlitan142; komlitan143; komlitan144; komlitan145; komlitan146; komlitan147; komlitan148; komlitan149; komlitan150; komlitan151; komlitan154; komlitan155; komlitan156; komlitan157; komlitan158; komlitan159; komlitan160; komlitan161; komlitan162; komlitan163; komlitan171; komlitan172; komlitan173; komlitan174; komlitan175; komlitan184; komlitan185; komlitan186; komlitan187; komlitan195; komlitan196; komlitan197; komlitan198; komlitan199; komlitan200; komlitan201; komlitan202; komlitan203; komlitan204,komlitan
komlitanM19,n o,post,1.sg.fut.neg; 1.pl.excl.fut.neg; 1.pl.incl.fut.neg; 1.sg.2.sg.fut.neg; 1.sg.2.pl.fut.neg; 1.sg.3.pl.fut.neg; 1.pl.excl.2.sg.fut.neg; 1.pl.excl.2.pl.fut.neg; 1.sg.3.sg.fut.neg; 1.pl.excl.3.sg.fut.neg; 1.pl.excl.3.sg.fut.neg; 1.pl.incl.3.sg.fut.neg; 1.pl.excl.3.pl.fut.neg; 1.pl.incl.3.pl.fut.neg; 2.sg.fut.neg; 2.sg.fut.neg; 2.pl.fut.neg; 2.sg.1.sg.fut.neg; 2.sg.1.pl.excl.fut.neg; 2.pl.1.sg.fut.neg; 2.pl.1.sg.fut.neg; 2.pl.1.pl.excl.fut.neg; 2.sg.3.sg.fut.neg; 2.sg.3.pl.fut.neg; 2.pl.3.sg.fut.neg; 2.pl.3.pl.fut.neg; 3.sg.fut.neg; 3.pl.fut.neg; 3.sg.1.sg.fut.neg; 3.sg.1.pl.excl.fut.neg; 3.sg.1.pl.incl.fut.neg; 3.pl.1.sg.fut.neg; 3.pl.1.pl.excl.fut.neg; 3.pl.1.pl.incl.fut.neg; 3.sg.2.sg.fut.neg; 3.sg.2.pl.fut.neg; 3.pl.2.sg.fut.neg; 3.pl.2.pl.fut.neg; 3.sg.3.sg.fut.neg; 3.sg.3.pl.fut.neg; 3.pl.3.sg.fut.neg; 3.pl.3.sg.fut.neg; 3.pl.3.pl.fut.neg,komlitan086; komlitan087; komlitan088; komlitan089; komlitan090; komlitan091; komlitan092; komlitan093; komlitan094; komlitan095; komlitan096; komlitan097; komlitan098; komlitan099; komlitan100; komlitan101; komlitan102; komlitan103; komlitan104; komlitan105; komlitan106; komlitan107; komlitan108; komlitan109; komlitan110; komlitan111; komlitan112; komlitan113; komlitan114; komlitan115; komlitan116; komlitan117; komlitan118; komlitan119; komlitan120; komlitan121; komlitan122; komlitan123; komlitan124; komlitan125; komlitan126; komlitan127; komlitan128,komlitan
komlitanM20,s i,post,1.pl.excl.fut.neg; 1.pl.incl.fut.neg; 1.pl.excl.2.sg.fut.neg; 1.pl.excl.2.pl.fut.neg; 1.pl.excl.3.sg.fut.neg; 1.pl.excl.3.sg.fut.neg; 1.pl.incl.3.sg.fut.neg; 1.pl.excl.3.pl.fut.neg; 1.pl.incl.3.pl.fut.neg; 1.pl.excl.nfut.neg; 1.pl.incl.nfut.neg; 1.pl.excl.2.sg.nfut.neg; 1.pl.excl.2.pl.nfut.neg; 1.pl.excl.3.sg.nfut.neg; 1.pl.incl.3.sg.nfut.neg; 1.pl.excl.3.pl.nfut.neg; 1.pl.incl.3.pl.nfut.neg,komlitan087; komlitan088; komlitan092; komlitan093; komlitan095; komlitan096; komlitan097; komlitan098; komlitan099; komlitan169; komlitan170; komlitan174; komlitan175; komlitan178; komlitan179; komlitan180; komlitan181,komlitan
komlitanM21,s i k,post,1.sg.fut.aff; 1.sg.fut.aff; 1.pl.excl.fut.aff; 1.pl.excl.fut.aff; 1.pl.incl.fut.aff; 1.pl.incl.fut.aff; 1.sg.2.sg.fut.aff; 1.sg.2.sg.fut.aff; 1.sg.2.pl.fut.aff; 1.sg.2.pl.fut.aff; 1.pl.excl.2.sg.fut.aff; 1.pl.excl.2.sg.fut.aff; 1.pl.excl.2.pl.fut.aff; 1.pl.excl.2.pl.fut.aff; 1.sg.3.sg.fut.aff; 1.sg.3.sg.fut.aff; 1.sg.3.pl.fut.aff; 1.sg.3.pl.fut.aff; 1.pl.excl.3.sg.fut.aff; 1.pl.excl.3.sg.fut.aff; 1.pl.incl.3.sg.fut.aff; 1.pl.incl.3.sg.fut.aff; 1.pl.excl.3.pl.fut.aff; 1.pl.excl.3.pl.fut.aff; 1.pl.incl.3.pl.fut.aff; 1.pl.incl.3.pl.fut.aff; 2.sg.fut.aff; 2.sg.fut.aff; 2.pl.fut.aff; 2.pl.fut.aff; 2.sg.1.sg.fut.aff; 2.sg.1.sg.fut.aff; 2.sg.1.pl.excl.fut.aff; 2.sg.1.pl.excl.fut.aff; 2.pl.1.sg.fut.aff; 2.pl.1.sg.fut.aff; 2.pl.1.pl.excl.fut.aff; 2.pl.1.pl.excl.fut.aff; 2.sg.3.sg.fut.aff; 2.sg.3.sg.fut.aff; 2.sg.3.pl.fut.aff; 2.sg.3.pl.fut.aff; 2.pl.3.sg.fut.aff; 2.pl.3.sg.fut.aff; 2.pl.3.pl.fut.aff; 2.pl.3.pl.fut.aff; 3.sg.fut.aff; 3.sg.fut.aff; 3.pl.fut.aff; 3.pl.fut.aff; 3.sg.1.sg.fut.aff; 3.sg.1.sg.fut.aff; 3.sg.1.pl.excl.fut.aff; 3.sg.1.pl.excl.fut.aff; 3.sg.1.pl.incl.fut.aff; 3.sg.1.pl.incl.fut.aff; 3.pl.1.sg.fut.aff; 3.pl.1.sg.fut.aff; 3.pl.1.pl.excl.fut.aff; 3.pl.1.pl.excl.fut.aff; 3.pl.1.pl.incl.fut.aff; 3.pl.1.pl.incl.fut.aff; 3.sg.2.sg.fut.aff; 3.sg.2.sg.fut.aff; 3.sg.2.pl.fut.aff; 3.sg.2.pl.fut.aff; 3.pl.2.sg.fut.aff; 3.pl.2.sg.fut.aff; 3.pl.2.pl.fut.aff; 3.pl.2.pl.fut.aff; 3.sg.3.sg.fut.aff; 3.sg.3.sg.fut.aff; 3.sg.3.pl.fut.aff; 3.sg.3.pl.fut.aff; 3.pl.3.sg.fut.aff; 3.pl.3.sg.fut.aff; 3.pl.3.pl.fut.aff; 3.pl.3.pl.fut.aff,komlitan008; komlitan009; komlitan010; komlitan011; komlitan012; komlitan013; komlitan014; komlitan015; komlitan016; komlitan017; komlitan018; komlitan019; komlitan020; komlitan021; komlitan022; komlitan023; komlitan024; komlitan025; komlitan026; komlitan027; komlitan028; komlitan029; komlitan030; komlitan031; komlitan032; komlitan033; komlitan034; komlitan035; komlitan036; komlitan037; komlitan038; komlitan039; komlitan040; komlitan041; komlitan042; komlitan043; komlitan044; komlitan045; komlitan046; komlitan047; komlitan048; komlitan049; komlitan050; komlitan051; komlitan052; komlitan053; komlitan054; komlitan055; komlitan056; komlitan057; komlitan058; komlitan059; komlitan060; komlitan061; komlitan062; komlitan063; komlitan064; komlitan065; komlitan066; komlitan067; komlitan068; komlitan069; komlitan070; komlitan071; komlitan072; komlitan073; komlitan074; komlitan075; komlitan076; komlitan077; komlitan078; komlitan079; komlitan080; komlitan081; komlitan082; komlitan083; komlitan084; komlitan085,komlitan
komlitanM22,t i,post,2.sg.fut.neg,komlitan101,komlitan
komlitanM23,tʃ a,post,2.pl.fut.neg; 2.pl.1.sg.fut.neg; 2.pl.1.pl.excl.fut.neg; 2.pl.3.sg.fut.neg; 2.pl.3.pl.fut.neg; 2.pl.nfut.neg; 2.pl.1.sg.nfut.neg; 2.pl.1.pl.excl.nfut.neg; 2.pl.3.sg.nfut.neg; 2.pl.3.pl.nfut.neg,komlitan102; komlitan105; komlitan107; komlitan110; komlitan111; komlitan183; komlitan186; komlitan187; komlitan190; komlitan191,komlitan
komlitanM24,tʃ e,post,2.sg.fut.neg; 2.sg.fut.neg; 2.sg.1.sg.fut.neg; 2.sg.1.pl.excl.fut.neg; 2.sg.3.sg.fut.neg; 2.sg.3.pl.fut.neg; 2.sg.nfut.neg; 2.sg.1.sg.nfut.neg; 2.sg.1.pl.excl.nfut.neg; 2.sg.3.sg.nfut.neg; 2.sg.3.pl.nfut.neg,komlitan100; komlitan101; komlitan103; komlitan104; komlitan108; komlitan109; komlitan182; komlitan184; komlitan185; komlitan188; komlitan189,komlitan
komlitanM25,tʃ u,post,2.pl.1.sg.fut.neg,komlitan106,komlitan
komlitanM26,u,post,2.pl.fut.neg; 2.pl.1.sg.fut.neg; 2.pl.1.pl.excl.fut.neg; 2.pl.3.sg.fut.neg; 2.pl.3.pl.fut.neg; 3.pl.fut.neg; 3.pl.1.sg.fut.neg; 3.pl.1.pl.excl.fut.neg; 3.pl.1.pl.incl.fut.neg; 3.pl.2.sg.fut.neg; 3.pl.2.pl.fut.neg; 3.pl.3.sg.fut.neg; 3.pl.3.sg.fut.neg; 3.pl.3.pl.fut.neg; 2.pl.nfut.neg; 2.pl.1.sg.nfut.neg; 2.pl.1.pl.excl.nfut.neg; 2.pl.3.sg.nfut.neg; 2.pl.3.pl.nfut.neg; 3.pl.nfut.neg; 3.pl.nfut.neg; 3.pl.1.sg.nfut.neg; 3.pl.1.pl.excl.nfut.neg; 3.pl.1.pl.incl.nfut.neg; 3.pl.2.sg.nfut.neg; 3.pl.2.pl.nfut.neg; 3.pl.3.sg.nfut.neg; 3.pl.3.pl.nfut.neg,komlitan102; komlitan105; komlitan107; komlitan110; komlitan111; komlitan113; komlitan117; komlitan118; komlitan119; komlitan122; komlitan123; komlitan126; komlitan127; komlitan128; komlitan183; komlitan186; komlitan187; komlitan190; komlitan191; komlitan193; komlitan194; komlitan198; komlitan199; komlitan200; komlitan203; komlitan204; komlitan207; komlitan208,komlitan
komlitanM27,ŋ,post,1.sg.fut.neg; 1.pl.excl.fut.neg; 1.pl.incl.fut.neg; 1.sg.2.sg.fut.neg; 1.sg.2.pl.fut.neg; 1.sg.3.pl.fut.neg; 1.pl.excl.2.sg.fut.neg; 1.pl.excl.2.pl.fut.neg; 1.sg.3.sg.fut.neg; 1.pl.excl.3.sg.fut.neg; 1.pl.excl.3.sg.fut.neg; 1.pl.incl.3.sg.fut.neg; 1.pl.excl.3.pl.fut.neg; 1.pl.incl.3.pl.fut.neg; 3.sg.fut.neg; 3.sg.1.sg.fut.neg; 3.sg.1.pl.excl.fut.neg; 3.sg.1.pl.incl.fut.neg; 3.sg.2.sg.fut.neg; 3.sg.2.pl.fut.neg; 3.sg.3.sg.fut.neg; 3.sg.3.pl.fut.neg; 1.pl.excl.nfut.neg; 1.pl.incl.nfut.neg; 1.pl.excl.2.sg.nfut.neg; 1.pl.excl.2.pl.nfut.neg; 1.pl.excl.3.sg.nfut.neg; 1.pl.incl.3.sg.nfut.neg; 1.pl.excl.3.pl.nfut.neg; 1.pl.incl.3.pl.nfut.neg,komlitan086; komlitan087; komlitan088; komlitan089; komlitan090; komlitan091; komlitan092; komlitan093; komlitan094; komlitan095; komlitan096; komlitan097; komlitan098; komlitan099; komlitan112; komlitan114; komlitan115; komlitan116; komlitan120; komlitan121; komlitan124; komlitan125; komlitan169; komlitan170; komlitan174; komlitan175; komlitan178; komlitan179; komlitan180; komlitan181,komlitan
